{
  "num_row" : 16,
  "num_colum" : 16,
  "num_output_ib" : 1,
  "num_input_ib" : 1,
  "num_input_ob" : 2,
  "num_output_ob" : 1,
  "num_track" : 1,
  "track_reged_mode" : 1,
  "num_rf_reg" : 1,
  "max_delay" : 4,
  "data_width" : 32,
  "operations" : [ "PASS", "ADD", "SUB", "MUL", "AND", "OR", "XOR"],
  "cfg_data_width" : 32,
  "cfg_addr_width" : 12,
  "cfg_blk_offset" : 2,
  "diag_iopin_connect" : true,
  "connect_flexibility" : {
    "num_otrack_per_opin" : 2,
    "num_itrack_per_ipin" : 2,
    "num_ipin_per_opin" : 4
  }
}